"annotation_id","annotator","created_at","id","image","label","lead_time","updated_at"
4,"1","2023-10-06T17:33:53.028277Z",1,"/data/upload/4/b6a2ae64-000000.jpeg","[{""x"":79.58387516254876,""y"":38.621586475942784,""width"":20.0260078023407,""height"":23.5370611183355,""rotation"":0,""rectanglelabels"":[""PS2""],""original_width"":800,""original_height"":800},{""x"":80.36410923276983,""y"":63.5890767230169,""width"":19.635890767230165,""height"":20.15604681404421,""rotation"":0,""rectanglelabels"":[""ETHERNET""],""original_width"":800,""original_height"":800},{""x"":51.7555266579974,""y"":39.27178153446034,""width"":25.227568270481143,""height"":21.976592977893368,""rotation"":0,""rectanglelabels"":[""ETHERNET""],""original_width"":800,""original_height"":800},{""x"":55.006501950585175,""y"":62.288686605981795,""width"":20.416124837451235,""height"":9.492847854356313,""rotation"":0,""rectanglelabels"":[""USB""],""original_width"":800,""original_height"":800},{""x"":56.046814044213264,""y"":72.17165149544863,""width"":19.11573472041613,""height"":10.79323797139142,""rotation"":0,""rectanglelabels"":[""USB""],""original_width"":800,""original_height"":800},{""x"":24.317295188556567,""y"":73.86215864759428,""width"":20.54616384915474,""height"":10.273081924577369,""rotation"":0,""rectanglelabels"":[""USB""],""original_width"":800,""original_height"":800},{""x"":23.27698309492848,""y"":64.10923276983095,""width"":20.676202860858258,""height"":9.622886866059815,""rotation"":0,""rectanglelabels"":[""USB""],""original_width"":800,""original_height"":800},{""x"":22.23667100130039,""y"":48.2444733420026,""width"":23.14694408322497,""height"":14.044213263979195,""rotation"":0,""rectanglelabels"":[""HDMI""],""original_width"":800,""original_height"":800},{""x"":8.881784197001252e-16,""y"":68.66059817945384,""width"":18.335500650195055,""height"":21.716514954486343,""rotation"":0,""rectanglelabels"":[""VGA""],""original_width"":800,""original_height"":800}]",4.465,"2023-10-06T17:33:53.028277Z"
3,"1","2023-10-06T17:33:47.312132Z",2,"/data/upload/4/272f9ce0-000001.jpeg","[{""x"":10.92327698309493,""y"":30.429128738621586,""width"":18.595578673602077,""height"":39.01170351105331,""rotation"":0,""rectanglelabels"":[""USB""],""original_width"":800,""original_height"":800},{""x"":30.299089726918076,""y"":31.599479843953187,""width"":17.165149544863453,""height"":38.36150845253576,""rotation"":0,""rectanglelabels"":[""USB""],""original_width"":800,""original_height"":800},{""x"":10.663198959687907,""y"":75.42262678803641,""width"":18.985695708712615,""height"":24.57737321196359,""rotation"":0,""rectanglelabels"":[""USB""],""original_width"":800,""original_height"":800},{""x"":29.648894668400523,""y"":76.85305591677503,""width"":15.474642392717811,""height"":23.146944083224966,""rotation"":0,""rectanglelabels"":[""USB""],""original_width"":800,""original_height"":800},{""x"":47.074122236671,""y"":72.04161248374513,""width"":35.37061118335501,""height"":27.958387516254874,""rotation"":0,""rectanglelabels"":[""ETHERNET""],""original_width"":800,""original_height"":800}]",3.554,"2023-10-06T17:33:47.312132Z"
1,"1","2023-10-06T17:27:50.708020Z",3,"/data/upload/4/c31ece74-000002.jpeg","[{""x"":11.703511053315998,""y"":19.765929778933682,""width"":51.49544863459033,""height"":67.88036410923272,""rotation"":0,""rectanglelabels"":[""USB""],""original_width"":800,""original_height"":800}]",30.365,"2023-10-06T17:27:50.708020Z"
5,"1","2023-10-06T17:33:57.237233Z",4,"/data/upload/4/d3192d7a-000003.jpeg","[{""x"":50.19505851755527,""y"":45.51365409622887,""width"":18.465539661898575,""height"":13.133940182054616,""rotation"":0,""rectanglelabels"":[""USBC""],""original_width"":800,""original_height"":800},{""x"":78.15344603381014,""y"":34.46033810143042,""width"":12.22366710013004,""height"":12.613784135240556,""rotation"":0,""rectanglelabels"":[""AUDIO_OUTPUT""],""original_width"":800,""original_height"":800}]",2.71,"2023-10-06T17:33:57.237233Z"
2,"1","2023-10-06T17:33:39.563854Z",5,"/data/upload/4/a25784a6-000004.jpeg","[{""x"":18.59557867360208,""y"":61.378413524057216,""width"":4.551365409622889,""height"":6.241872561768524,""rotation"":0,""rectanglelabels"":[""AUDIO_INPUT""],""original_width"":800,""original_height"":800},{""x"":23.5370611183355,""y"":61.76853055916776,""width"":4.291287386215863,""height"":5.851755526657982,""rotation"":0,""rectanglelabels"":[""AUDIO_OUTPUT""],""original_width"":800,""original_height"":800},{""x"":26.007802340702213,""y"":43.172951885565666,""width"":5.721716514954483,""height"":8.452535760728225,""rotation"":0,""rectanglelabels"":[""ETHERNET""],""original_width"":800,""original_height"":800},{""x"":38.23146944083225,""y"":78.28348504551366,""width"":9.622886866059815,""height"":7.542262678803638,""rotation"":0,""rectanglelabels"":[""HDMI""],""original_width"":800,""original_height"":800},{""x"":20.026007802340704,""y"":78.80364109232771,""width"":17.295188556566966,""height"":7.152145643693103,""rotation"":0,""rectanglelabels"":[""PARALLEL""],""original_width"":800,""original_height"":800},{""x"":21.586475942782833,""y"":24.83745123537061,""width"":4.551365409622889,""height"":6.892067620286085,""rotation"":0,""rectanglelabels"":[""USB""],""original_width"":800,""original_height"":800},{""x"":17.555266579973992,""y"":24.7074122236671,""width"":3.901170351105332,""height"":7.672301690507155,""rotation"":0,""rectanglelabels"":[""USB""],""original_width"":800,""original_height"":800},{""x"":48.37451235370611,""y"":79.45383615084526,""width"":13.654096228868667,""height"":7.28218465539662,""rotation"":0,""rectanglelabels"":[""VGA""],""original_width"":800,""original_height"":800},{""x"":27.95838751625488,""y"":61.89856957087127,""width"":5.5916775032509705,""height"":5.5916775032509705,""rotation"":0,""rectanglelabels"":[""AUDIO""],""original_width"":800,""original_height"":800},{""x"":18.075422626788036,""y"":3.1209362808842656,""width"":6.111833550065018,""height"":7.542262678803642,""rotation"":0,""rectanglelabels"":[""PS""],""original_width"":800,""original_height"":800},{""x"":25.097529258777634,""y"":3.5110533159947983,""width"":6.6319895968790625,""height"":8.582574772431729,""rotation"":0,""rectanglelabels"":[""PS2""],""original_width"":800,""original_height"":800}]",150.182,"2023-10-06T17:40:04.018513Z"
6,"1","2023-10-06T17:34:12.973537Z",6,"/data/upload/4/a6d6c8b1-000005.jpeg","[{""x"":57.99739921976593,""y"":70.09102730819245,""width"":9.622886866059808,""height"":7.022106631989601,""rotation"":0,""rectanglelabels"":[""ETHERNET""],""original_width"":800,""original_height"":800},{""x"":70.22106631989597,""y"":69.57087126137841,""width"":8.45253576072821,""height"":4.551365409622875,""rotation"":0,""rectanglelabels"":[""USB""],""original_width"":800,""original_height"":800}]",13.828,"2023-10-06T17:34:12.973537Z"
7,"1","2023-10-06T17:34:31.545898Z",7,"/data/upload/4/9fc231f6-000006.jpeg","[{""x"":40.442132639791936,""y"":57.86736020806242,""width"":18.98569570871262,""height"":15.994798439531863,""rotation"":0,""rectanglelabels"":[""USB""],""original_width"":800,""original_height"":800},{""x"":20.156046814044213,""y"":58.777633289986994,""width"":17.035110533159948,""height"":11.833550065019509,""rotation"":0,""rectanglelabels"":[""HDMI""],""original_width"":800,""original_height"":800},{""x"":4.551365409622886,""y"":56.17685305591677,""width"":12.613784135240575,""height"":7.93237971391418,""rotation"":0,""rectanglelabels"":[""USBC""],""original_width"":800,""original_height"":800}]",16.84,"2023-10-06T17:34:31.545898Z"
8,"1","2023-10-06T17:35:00.140107Z",8,"/data/upload/4/509964fc-000007.jpeg","[{""x"":77.24317295188557,""y"":59.557867360208064,""width"":15.604681404421328,""height"":12.093628088426527,""rotation"":0,""rectanglelabels"":[""ETHERNET""],""original_width"":800,""original_height"":800},{""x"":79.71391417425228,""y"":71.91157347204161,""width"":14.304291287386206,""height"":6.892067620286099,""rotation"":0,""rectanglelabels"":[""USB""],""original_width"":800,""original_height"":800},{""x"":78.54356306892068,""y"":79.9739921976593,""width"":14.824447334200258,""height"":5.331599479843959,""rotation"":0,""rectanglelabels"":[""USB""],""original_width"":800,""original_height"":800},{""x"":59.03771131339401,""y"":71.91157347204161,""width"":13.263979193758132,""height"":7.022106631989601,""rotation"":0,""rectanglelabels"":[""USB""],""original_width"":800,""original_height"":800},{""x"":60.07802340702211,""y"":79.71391417425228,""width"":11.703511053316,""height"":5.851755526657996,""rotation"":0,""rectanglelabels"":[""USB""],""original_width"":800,""original_height"":800},{""x"":39.27178153446034,""y"":79.84395318595578,""width"":12.483745123537062,""height"":5.851755526657996,""rotation"":0,""rectanglelabels"":[""USB""],""original_width"":800,""original_height"":800},{""x"":39.01170351105331,""y"":72.04161248374513,""width"":12.48374512353707,""height"":6.7620286085825825,""rotation"":0,""rectanglelabels"":[""USB""],""original_width"":800,""original_height"":800},{""x"":19.375812743823147,""y"":72.30169050715214,""width"":11.963589076723018,""height"":6.501950585175564,""rotation"":0,""rectanglelabels"":[""USB""],""original_width"":800,""original_height"":800},{""x"":18.855656697009103,""y"":79.84395318595578,""width"":12.743823146944084,""height"":6.7620286085825825,""rotation"":0,""rectanglelabels"":[""USB""],""original_width"":800,""original_height"":800}]",27.277,"2023-10-06T17:35:00.140107Z"
9,"1","2023-10-06T17:35:23.128392Z",9,"/data/upload/4/108264ea-000008.jpeg","[{""x"":63.45903771131339,""y"":29.778933680104032,""width"":23.537061118335508,""height"":19.115734720416132,""rotation"":0,""rectanglelabels"":[""USB""],""original_width"":800,""original_height"":800},{""x"":44.34330299089727,""y"":39.661898569570866,""width"":14.954486345903774,""height"":15.994798439531863,""rotation"":0,""rectanglelabels"":[""AUDIO""],""original_width"":800,""original_height"":800}]",33.03,"2023-10-06T17:40:27.693830Z"
10,"1","2023-10-06T17:35:46.421196Z",10,"/data/upload/4/45b0b167-000009.jpeg","[{""x"":41.87256176853056,""y"":53.70611183355006,""width"":8.972691807542262,""height"":12.743823146944088,""rotation"":0,""rectanglelabels"":[""USB""],""original_width"":800,""original_height"":800},{""x"":44.47334200260078,""y"":40.31209362808843,""width"":7.412223667100129,""height"":11.703511053316,""rotation"":0,""rectanglelabels"":[""USB""],""original_width"":800,""original_height"":800},{""x"":45.64369310793238,""y"":27.308192457737324,""width"":7.932379713914173,""height"":11.963589076723014,""rotation"":0,""rectanglelabels"":[""HDMI""],""original_width"":800,""original_height"":800},{""x"":47.33420026007803,""y"":15.084525357607282,""width"":9.492847854356306,""height"":11.18335500650195,""rotation"":0,""rectanglelabels"":[""ETHERNET""],""original_width"":800,""original_height"":800}]",21.801,"2023-10-06T17:35:46.421196Z"
11,"1","2023-10-06T17:36:39.150420Z",11,"/data/upload/4/a62a5ee0-000010.jpeg","[{""x"":33.02990897269181,""y"":55.136540962288684,""width"":10.533159947984394,""height"":10.66319895968791,""rotation"":0,""rectanglelabels"":[""ETHERNET""],""original_width"":800,""original_height"":800},{""x"":0.13003901170351106,""y"":62.288686605981795,""width"":18.465539661898568,""height"":11.313394018205472,""rotation"":0,""rectanglelabels"":[""VGA""],""original_width"":800,""original_height"":800},{""x"":0,""y"":51.7555266579974,""width"":14.044213263979193,""height"":8.972691807542269,""rotation"":0,""rectanglelabels"":[""PARALLEL""],""original_width"":800,""original_height"":800},{""x"":68.40052015604682,""y"":64.23927178153446,""width"":23.146944083224952,""height"":26.788036410923283,""rotation"":0,""rectanglelabels"":[""POWER""],""original_width"":800,""original_height"":800},{""x"":19.89596879063719,""y"":61.89856957087127,""width"":10.923276983094926,""height"":6.241872561768524,""rotation"":0,""rectanglelabels"":[""USB""],""original_width"":800,""original_height"":800},{""x"":33.42002600780234,""y"":66.18985695708713,""width"":10.793237971391413,""height"":4.681404421326391,""rotation"":0,""rectanglelabels"":[""USB""],""original_width"":800,""original_height"":800},{""x"":33.28998699609883,""y"":71.39141742522756,""width"":10.533159947984394,""height"":5.461638491547475,""rotation"":0,""rectanglelabels"":[""USB""],""original_width"":800,""original_height"":800},{""x"":20.806241872561767,""y"":68.40052015604682,""width"":8.972691807542265,""height"":5.461638491547461,""rotation"":0,""rectanglelabels"":[""USB""],""original_width"":800,""original_height"":800},{""x"":44.86345903771131,""y"":65.66970091027308,""width"":8.97269180754226,""height"":4.941482444733425,""rotation"":0,""rectanglelabels"":[""AUDIO_OUTPUT""],""original_width"":800,""original_height"":800},{""x"":44.47334200260078,""y"":70.87126137841352,""width"":8.712613784135243,""height"":7.152145643693103,""rotation"":0,""rectanglelabels"":[""AUDIO_INPUT""],""original_width"":800,""original_height"":800},{""x"":44.993498049414825,""y"":57.737321196358906,""width"":8.062418725617682,""height"":6.892067620286085,""rotation"":0,""rectanglelabels"":[""AUDIO""],""original_width"":800,""original_height"":800}]",59.007999999999996,"2023-10-06T17:40:37.554847Z"
12,"1","2023-10-06T17:37:48.201283Z",12,"/data/upload/4/6e2f1ac2-000011.jpeg","[{""x"":16.514954486345903,""y"":57.86736020806242,""width"":21.45643693107933,""height"":8.45253576072821,""rotation"":0,""rectanglelabels"":[""USB""],""original_width"":800,""original_height"":800},{""x"":0.3901170351105332,""y"":59.427828348504555,""width"":13.394018205461638,""height"":6.892067620286078,""rotation"":0,""rectanglelabels"":[""USB""],""original_width"":800,""original_height"":800},{""x"":0,""y"":67.62028608582574,""width"":15.864759427828348,""height"":7.672301690507155,""rotation"":0,""rectanglelabels"":[""USB""],""original_width"":800,""original_height"":800},{""x"":63.06892067620286,""y"":63.5890767230169,""width"":14.954486345903767,""height"":7.802340702210657,""rotation"":0,""rectanglelabels"":[""USBC""],""original_width"":800,""original_height"":800},{""x"":76.07282184655396,""y"":48.634590377113135,""width"":18.465539661898575,""height"":9.752925877763325,""rotation"":0,""rectanglelabels"":[""AUDIO_OUTPUT""],""original_width"":800,""original_height"":800},{""x"":78.80364109232771,""y"":59.167750325097536,""width"":14.304291287386206,""height"":10.013003901170343,""rotation"":0,""rectanglelabels"":[""AUDIO_INPUT""],""original_width"":800,""original_height"":800},{""x"":17.555266579973992,""y"":67.10013003901172,""width"":20.28608582574769,""height"":8.972691807542226,""rotation"":0,""rectanglelabels"":[""USBC""],""original_width"":800,""original_height"":800},{""x"":77.24317295188557,""y"":34.46033810143042,""width"":17.29518855656697,""height"":12.223667100130044,""rotation"":0,""rectanglelabels"":[""AUDIO""],""original_width"":800,""original_height"":800}]",71.687,"2023-10-06T17:40:50.361345Z"
13,"1","2023-10-06T17:40:59.052996Z",13,"/data/upload/4/41a008a7-000012.jpeg","[{""x"":71.13133940182055,""y"":43.5630689206762,""width"":9.752925877763332,""height"":6.37191157347204,""rotation"":0,""rectanglelabels"":[""VGA""],""original_width"":800,""original_height"":800},{""x"":30.559167750325102,""y"":43.953185955786736,""width"":5.331599479843952,""height"":4.161248374512354,""rotation"":0,""rectanglelabels"":[""USBC""],""original_width"":800,""original_height"":800},{""x"":23.407022106631988,""y"":43.69310793237972,""width"":5.721716514954487,""height"":4.421326397919373,""rotation"":0,""rectanglelabels"":[""USB""],""original_width"":800,""original_height"":800},{""x"":36.67100130039012,""y"":44.47334200260078,""width"":5.461638491547468,""height"":3.771131339401819,""rotation"":0,""rectanglelabels"":[""USB""],""original_width"":800,""original_height"":800},{""x"":43.172951885565666,""y"":42.91287386215865,""width"":6.501950585175557,""height"":5.851755526657996,""rotation"":0,""rectanglelabels"":[""ETHERNET""],""original_width"":800,""original_height"":800},{""x"":50.97529258777633,""y"":44.083224967490246,""width"":6.762028608582575,""height"":3.9011703511053355,""rotation"":0,""rectanglelabels"":[""HDMI""],""original_width"":800,""original_height"":800},{""x"":59.297789336801046,""y"":44.34330299089727,""width"":5.72171651495448,""height"":3.64109232769831,""rotation"":0,""rectanglelabels"":[""HDMI""],""original_width"":800,""original_height"":800},{""x"":65.92977893368011,""y"":43.69310793237972,""width"":4.421326397919373,""height"":5.071521456436926,""rotation"":0,""rectanglelabels"":[""AUDIO""],""original_width"":800,""original_height"":800}]",6.15,"2023-10-06T17:40:59.052996Z"
14,"1","2023-10-06T17:41:14.801877Z",14,"/data/upload/4/996990cb-000013.jpeg","[{""x"":4.9414824447334205,""y"":50.19505851755527,""width"":19.63589076723017,""height"":11.703511053316,""rotation"":0,""rectanglelabels"":[""USB""],""original_width"":800,""original_height"":800},{""x"":26.788036410923276,""y"":46.68400520156047,""width"":20.676202860858254,""height"":11.963589076723018,""rotation"":0,""rectanglelabels"":[""USB""],""original_width"":800,""original_height"":800},{""x"":57.607282184655396,""y"":36.54096228868661,""width"":28.348504551365416,""height"":15.734720416124837,""rotation"":0,""rectanglelabels"":[""HDMI""],""original_width"":800,""original_height"":800},{""x"":88.42652795838751,""y"":31.469440832249674,""width"":11.57347204161249,""height"":16.25487646293888,""rotation"":0,""rectanglelabels"":[""USB""],""original_width"":800,""original_height"":800}]",14.32,"2023-10-06T17:41:14.801877Z"
15,"1","2023-10-06T17:41:26.713479Z",15,"/data/upload/4/86f0a014-000014.jpeg","[{""x"":60.46814044213264,""y"":48.89466840052016,""width"":10.013003901170343,""height"":7.412223667100122,""rotation"":0,""rectanglelabels"":[""USB""],""original_width"":800,""original_height"":800},{""x"":51.23537061118335,""y"":49.15474642392718,""width"":7.022106631989601,""height"":5.851755526657996,""rotation"":0,""rectanglelabels"":[""USBC""],""original_width"":800,""original_height"":800},{""x"":74.12223667100129,""y"":51.7555266579974,""width"":8.712613784135257,""height"":7.932379713914166,""rotation"":0,""rectanglelabels"":[""ETHERNET""],""original_width"":800,""original_height"":800}]",10.675,"2023-10-06T17:41:26.713479Z"
16,"1","2023-10-06T17:41:59.161603Z",16,"/data/upload/4/7448aa49-000015.jpeg","[{""x"":64.62938881664499,""y"":43.04291287386216,""width"":21.456436931079324,""height"":11.313394018205464,""rotation"":0,""rectanglelabels"":[""USB""],""original_width"":800,""original_height"":800},{""x"":65.27958387516254,""y"":32.8998699609883,""width"":19.63589076723018,""height"":9.232769830949287,""rotation"":0,""rectanglelabels"":[""USB""],""original_width"":800,""original_height"":800},{""x"":64.10923276983095,""y"":14.174252275682706,""width"":20.41612483745122,""height"":17.03511053315995,""rotation"":0,""rectanglelabels"":[""ETHERNET""],""original_width"":800,""original_height"":800},{""x"":0,""y"":12.22366710013004,""width"":55.136540962288684,""height"":18.205461638491546,""rotation"":0,""rectanglelabels"":[""PARALLEL""],""original_width"":800,""original_height"":800},{""x"":0,""y"":37.84135240572168,""width"":19.505851755526663,""height"":17.945383615084516,""rotation"":0,""rectanglelabels"":[""VGA""],""original_width"":800,""original_height"":800}]",30.858,"2023-10-06T17:41:59.161603Z"
17,"1","2023-10-06T17:42:15.535642Z",17,"/data/upload/4/035b6dac-000016.jpeg","[{""x"":32.50975292587776,""y"":45.123537061118334,""width"":11.443433029908974,""height"":7.802340702210664,""rotation"":0,""rectanglelabels"":[""USB""],""original_width"":800,""original_height"":800},{""x"":46.29388816644994,""y"":45.9037711313394,""width"":10.793237971391413,""height"":6.892067620286092,""rotation"":0,""rectanglelabels"":[""USB""],""original_width"":800,""original_height"":800},{""x"":59.427828348504555,""y"":45.64369310793238,""width"":14.564369310793232,""height"":7.542262678803638,""rotation"":0,""rectanglelabels"":[""DISPLAYPORT""],""original_width"":800,""original_height"":800},{""x"":76.59297789336802,""y"":44.47334200260078,""width"":9.492847854356299,""height"":8.192457737321199,""rotation"":0,""rectanglelabels"":[""AUDIO""],""original_width"":800,""original_height"":800}]",15.057,"2023-10-06T17:42:15.535642Z"
18,"1","2023-10-06T17:42:49.858200Z",18,"/data/upload/4/25b31d84-000017.jpeg","[{""x"":24.317295188556567,""y"":0,""width"":9.882964889466844,""height"":16.514954486345903,""rotation"":0,""rectanglelabels"":[""HDMI""],""original_width"":800,""original_height"":800},{""x"":45.38361508452536,""y"":20.806241872561767,""width"":14.43433029908973,""height"":36.28088426527958,""rotation"":0,""rectanglelabels"":[""VGA""],""original_width"":800,""original_height"":800},{""x"":28.868660598179453,""y"":60.98829648894668,""width"":6.631989596879066,""height"":12.093628088426534,""rotation"":0,""rectanglelabels"":[""USBC""],""original_width"":800,""original_height"":800},{""x"":27.0481144343303,""y"":73.34200260078023,""width"":8.842652795838752,""height"":16.5149544863459,""rotation"":0,""rectanglelabels"":[""USB""],""original_width"":800,""original_height"":800},{""x"":36.41092327698309,""y"":73.60208062418727,""width"":8.582574772431734,""height"":15.73472041612483,""rotation"":0,""rectanglelabels"":[""USB""],""original_width"":800,""original_height"":800},{""x"":36.41092327698309,""y"":90.37711313394018,""width"":8.712613784135243,""height"":9.622886866059815,""rotation"":0,""rectanglelabels"":[""USB""],""original_width"":800,""original_height"":800},{""x"":28.608582574772434,""y"":90.76723016905072,""width"":7.412223667100129,""height"":9.23276983094928,""rotation"":0,""rectanglelabels"":[""USB""],""original_width"":800,""original_height"":800},{""x"":45.51365409622887,""y"":89.07672301690506,""width"":14.694408322496749,""height"":10.923276983094937,""rotation"":0,""rectanglelabels"":[""ETHERNET""],""original_width"":800,""original_height"":800},{""x"":24.7074122236671,""y"":20.416124837451235,""width"":15.604681404421328,""height"":38.62158647594278,""rotation"":0,""rectanglelabels"":[""DVI""],""original_width"":800,""original_height"":800}]",147.31,"2023-10-06T18:04:10.483453Z"
19,"1","2023-10-06T17:43:17.422492Z",19,"/data/upload/4/c875a4b5-000018.jpeg","[{""x"":60.98829648894668,""y"":46.55396618985696,""width"":15.084525357607284,""height"":11.313394018205464,""rotation"":0,""rectanglelabels"":[""ETHERNET""],""original_width"":800,""original_height"":800},{""x"":44.993498049414825,""y"":50.06501950585176,""width"":14.30429128738622,""height"":10.663198959687904,""rotation"":0,""rectanglelabels"":[""HDMI""],""original_width"":800,""original_height"":800},{""x"":28.998699609882966,""y"":55.39661898569569,""width"":14.824447334200258,""height"":11.443433029908979,""rotation"":0,""rectanglelabels"":[""USB""],""original_width"":800,""original_height"":800},{""x"":11.833550065019507,""y"":60.59817945383615,""width"":15.344603381014304,""height"":11.96358907672301,""rotation"":0,""rectanglelabels"":[""USB""],""original_width"":800,""original_height"":800}]",25.924,"2023-10-06T17:43:17.422492Z"
20,"1","2023-10-06T17:43:40.351762Z",20,"/data/upload/4/3ef17fe8-000019.jpeg","[{""x"":25.6176853055917,""y"":16.124837451235365,""width"":25.877763328998686,""height"":19.505851755526667,""rotation"":0,""rectanglelabels"":[""ETHERNET""],""original_width"":800,""original_height"":800},{""x"":57.99739921976593,""y"":73.34200260078023,""width"":32.24967490247074,""height"":12.353706111833546,""rotation"":0,""rectanglelabels"":[""USBC""],""original_width"":800,""original_height"":800}]",26.822,"2023-10-06T17:43:45.703318Z"
21,"1","2023-10-06T17:44:19.529035Z",21,"/data/upload/4/d165d9ad-000020.jpeg","[{""x"":27.308192457737324,""y"":51.62548764629389,""width"":24.707412223667102,""height"":17.815344603381007,""rotation"":0,""rectanglelabels"":[""ETHERNET""],""original_width"":800,""original_height"":800},{""x"":30.949284785435633,""y"":70.35110533159948,""width"":20.676202860858258,""height"":8.452535760728225,""rotation"":0,""rectanglelabels"":[""USB""],""original_width"":800,""original_height"":800},{""x"":30.169050715214563,""y"":79.19375812743823,""width"":21.846553966189862,""height"":9.362808842652797,""rotation"":0,""rectanglelabels"":[""USB""],""original_width"":800,""original_height"":800},{""x"":59.557867360208064,""y"":69.96098829648896,""width"":22.756827048114427,""height"":8.452535760728184,""rotation"":0,""rectanglelabels"":[""USB""],""original_width"":800,""original_height"":800},{""x"":58.38751625487646,""y"":79.19375812743823,""width"":22.886866059817947,""height"":9.492847854356313,""rotation"":0,""rectanglelabels"":[""USB""],""original_width"":800,""original_height"":800},{""x"":57.86736020806242,""y"":52.015604681404426,""width"":23.407022106631985,""height"":16.90507152145642,""rotation"":0,""rectanglelabels"":[""ETHERNET""],""original_width"":800,""original_height"":800},{""x"":0.9102730819245773,""y"":68.66059817945384,""width"":21.066319895968793,""height"":9.752925877763317,""rotation"":0,""rectanglelabels"":[""USB""],""original_width"":800,""original_height"":800},{""x"":3.5110533159947983,""y"":79.71391417425228,""width"":16.644993498049416,""height"":8.712613784135229,""rotation"":0,""rectanglelabels"":[""USBC""],""original_width"":800,""original_height"":800}]",30.871,"2023-10-06T17:44:19.529035Z"
22,"1","2023-10-06T17:44:47.526740Z",22,"/data/upload/4/a16b6590-000021.jpeg","[{""x"":16.905071521456435,""y"":43.30299089726918,""width"":60.98829648894668,""height"":18.725617685305593,""rotation"":0,""rectanglelabels"":[""PARALLEL""],""original_width"":800,""original_height"":800},{""x"":47.724317295188555,""y"":66.84005201560468,""width"":37.45123537061119,""height"":15.864759427828346,""rotation"":0,""rectanglelabels"":[""VGA""],""original_width"":800,""original_height"":800},{""x"":9.752925877763328,""y"":65.92977893368011,""width"":34.33029908972692,""height"":17.55526657997399,""rotation"":0,""rectanglelabels"":[""VGA""],""original_width"":800,""original_height"":800},{""x"":88.29648894668401,""y"":69.18075422626788,""width"":11.703511053315992,""height"":14.56436931079324,""rotation"":0,""rectanglelabels"":[""AUDIO_OUTPUT""],""original_width"":800,""original_height"":800}]",35.996,"2023-10-06T17:47:28.620651Z"
23,"1","2023-10-06T17:45:54.288008Z",23,"/data/upload/4/637d6e0c-000022.jpeg","[{""x"":42.392717815344604,""y"":44.60338101430429,""width"":10.92327698309493,""height"":5.981794538361505,""rotation"":0,""rectanglelabels"":[""USB""],""original_width"":800,""original_height"":800},{""x"":42.78283485045514,""y"":50.71521456436932,""width"":10.92327698309492,""height"":4.291287386215856,""rotation"":0,""rectanglelabels"":[""USB""],""original_width"":800,""original_height"":800},{""x"":5.851755526657997,""y"":44.083224967490246,""width"":10.92327698309493,""height"":5.201560468140442,""rotation"":0,""rectanglelabels"":[""USB""],""original_width"":800,""original_height"":800},{""x"":5.071521456436931,""y"":50.455136540962286,""width"":13.394018205461641,""height"":3.771131339401826,""rotation"":0,""rectanglelabels"":[""USB""],""original_width"":800,""original_height"":800},{""x"":6.8920676202860855,""y"":54.74642392717816,""width"":8.972691807542262,""height"":8.582574772431727,""rotation"":0,""rectanglelabels"":[""PS2""],""original_width"":800,""original_height"":800},{""x"":42.26267880364109,""y"":57.737321196358906,""width"":11.703511053316006,""height"":6.3719115734720475,""rotation"":0,""rectanglelabels"":[""HDMI""],""original_width"":800,""original_height"":800},{""x"":63.06892067620286,""y"":44.34330299089727,""width"":11.833550065019516,""height"":8.452535760728217,""rotation"":0,""rectanglelabels"":[""ETHERNET""],""original_width"":800,""original_height"":800},{""x"":64.36931079323797,""y"":53.44603381014304,""width"":10.143042912873867,""height"":4.161248374512354,""rotation"":0,""rectanglelabels"":[""USB""],""original_width"":800,""original_height"":800},{""x"":64.10923276983095,""y"":58.647594278283485,""width"":10.143042912873867,""height"":4.941482444733417,""rotation"":0,""rectanglelabels"":[""USB""],""original_width"":800,""original_height"":800},{""x"":76.72301690507152,""y"":53.05591677503251,""width"":10.79323797139142,""height"":4.811443433029915,""rotation"":0,""rectanglelabels"":[""USB""],""original_width"":800,""original_height"":800},{""x"":77.11313394018205,""y"":58.517555266579976,""width"":10.533159947984402,""height"":4.941482444733417,""rotation"":0,""rectanglelabels"":[""USB""],""original_width"":800,""original_height"":800},{""x"":88.68660598179454,""y"":56.566970091027315,""width"":8.062418725617675,""height"":6.371911573472033,""rotation"":0,""rectanglelabels"":[""AUDIO_OUTPUT""],""original_width"":800,""original_height"":800},{""x"":89.20676202860858,""y"":49.4148244473342,""width"":7.672301690507155,""height"":6.111833550065022,""rotation"":0,""rectanglelabels"":[""AUDIO_INPUT""],""original_width"":800,""original_height"":800},{""x"":88.81664499349804,""y"":41.612483745123534,""width"":7.932379713914173,""height"":6.762028608582575,""rotation"":0,""rectanglelabels"":[""AUDIO""],""original_width"":800,""original_height"":800},{""x"":16.38491547464239,""y"":55.39661898569571,""width"":25.747724317295194,""height"":8.322496749024701,""rotation"":0,""rectanglelabels"":[""DVI""],""original_width"":800,""original_height"":800}]",74.508,"2023-10-06T18:04:24.888699Z"
24,"1","2023-10-06T17:46:10.923446Z",24,"/data/upload/4/84efaac4-000023.jpeg","[{""x"":18.075422626788036,""y"":55.78673602080624,""width"":9.232769830949287,""height"":5.591677503250978,""rotation"":0,""rectanglelabels"":[""USB""],""original_width"":800,""original_height"":800},{""x"":28.47854356306892,""y"":50.06501950585176,""width"":8.062418725617686,""height"":6.762028608582575,""rotation"":0,""rectanglelabels"":[""USB""],""original_width"":800,""original_height"":800},{""x"":37.32119635890767,""y"":43.5630689206762,""width"":8.972691807542269,""height"":8.06241872561769,""rotation"":0,""rectanglelabels"":[""USB""],""original_width"":800,""original_height"":800},{""x"":46.16384915474642,""y"":38.751625487646294,""width"":7.93237971391418,""height"":7.412223667100129,""rotation"":0,""rectanglelabels"":[""USB""],""original_width"":800,""original_height"":800},{""x"":55.136540962288684,""y"":33.68010403120936,""width"":7.932379713914173,""height"":6.111833550065022,""rotation"":0,""rectanglelabels"":[""USB""],""original_width"":800,""original_height"":800},{""x"":62.80884265279584,""y"":27.95838751625488,""width"":8.452535760728217,""height"":7.022106631989594,""rotation"":0,""rectanglelabels"":[""USB""],""original_width"":800,""original_height"":800},{""x"":72.17165149544863,""y"":23.797139141742523,""width"":7.022106631989601,""height"":5.331599479843956,""rotation"":0,""rectanglelabels"":[""USB""],""original_width"":800,""original_height"":800}]",15.594,"2023-10-06T17:46:10.923446Z"
25,"1","2023-10-06T17:46:18.541519Z",25,"/data/upload/4/b932be81-000024.jpeg","[{""x"":30.299089726918076,""y"":50.32509752925878,""width"":37.19115734720416,""height"":29.388816644993504,""rotation"":0,""rectanglelabels"":[""ETHERNET""],""original_width"":800,""original_height"":800}]",6.445,"2023-10-06T17:46:18.542515Z"
26,"1","2023-10-06T17:47:16.776124Z",26,"/data/upload/4/3b8196fa-000025.jpeg","[{""x"":20.156046814044213,""y"":43.172951885565666,""width"":15.21456436931079,""height"":16.905071521456442,""rotation"":0,""rectanglelabels"":[""HDMI""],""original_width"":800,""original_height"":800},{""x"":22.62678803641092,""y"":63.71911573472041,""width"":7.4122236671001325,""height"":11.963589076723018,""rotation"":0,""rectanglelabels"":[""USB""],""original_width"":800,""original_height"":800},{""x"":30.299089726918076,""y"":63.06892067620286,""width"":7.022106631989594,""height"":13.133940182054623,""rotation"":0,""rectanglelabels"":[""USB""],""original_width"":800,""original_height"":800},{""x"":29.778933680104032,""y"":78.41352405721716,""width"":7.932379713914173,""height"":13.133940182054616,""rotation"":0,""rectanglelabels"":[""USB""],""original_width"":800,""original_height"":800},{""x"":23.14694408322497,""y"":77.24317295188557,""width"":6.892067620286085,""height"":11.96358907672301,""rotation"":0,""rectanglelabels"":[""USB""],""original_width"":800,""original_height"":800},{""x"":37.711313394018205,""y"":10.92327698309493,""width"":13.914174252275686,""height"":29.388816644993497,""rotation"":0,""rectanglelabels"":[""VGA""],""original_width"":800,""original_height"":800},{""x"":22.886866059817944,""y"":0,""width"":12.35370611183355,""height"":6.24187256176853,""rotation"":0,""rectanglelabels"":[""PS""],""original_width"":800,""original_height"":800},{""x"":37.061118335500645,""y"":0,""width"":12.093628088426534,""height"":9.232769830949284,""rotation"":0,""rectanglelabels"":[""PS2""],""original_width"":800,""original_height"":800},{""x"":21.716514954486346,""y"":6.8920676202860855,""width"":12.483745123537066,""height"":35.2405721716515,""rotation"":0,""rectanglelabels"":[""DVI""],""original_width"":800,""original_height"":800}]",61.632000000000005,"2023-10-06T18:04:31.357227Z"
27,"1","2023-10-06T18:04:53.673548Z",27,"/data/upload/4/a122048e-000026.jpeg","[{""x"":5.0715214564369315,""y"":24.44733420026008,""width"":30.819245773732117,""height"":27.438231469440836,""rotation"":0,""rectanglelabels"":[""ETHERNET""],""original_width"":800,""original_height"":800},{""x"":48.11443433029909,""y"":26.007802340702213,""width"":29.908972691807534,""height"":27.048114434330294,""rotation"":0,""rectanglelabels"":[""ETHERNET""],""original_width"":800,""original_height"":800},{""x"":47.594278283485046,""y"":52.925877763329,""width"":31.209362808842663,""height"":15.474642392717826,""rotation"":0,""rectanglelabels"":[""USB""],""original_width"":800,""original_height"":800},{""x"":6.631989596879063,""y"":53.18595578673602,""width"":28.088426527958386,""height"":12.613784135240579,""rotation"":0,""rectanglelabels"":[""USB""],""original_width"":800,""original_height"":800},{""x"":6.371911573472041,""y"":66.97009102730819,""width"":28.868660598179453,""height"":14.174252275682704,""rotation"":0,""rectanglelabels"":[""USB""],""original_width"":800,""original_height"":800},{""x"":51.62548764629389,""y"":69.3107932379714,""width"":22.236671001300394,""height"":13.394018205461634,""rotation"":0,""rectanglelabels"":[""USBC""],""original_width"":800,""original_height"":800}]",21.33,"2023-10-06T18:04:53.673548Z"
28,"1","2023-10-06T18:05:40.144560Z",28,"/data/upload/4/2ea7b2de-000027.jpeg","[{""x"":76.07282184655396,""y"":53.70611183355006,""width"":5.461638491547475,""height"":4.681404421326398,""rotation"":0,""rectanglelabels"":[""ETHERNET""],""original_width"":800,""original_height"":800},{""x"":76.85305591677503,""y"":58.38751625487646,""width"":4.681404421326405,""height"":2.470741222366712,""rotation"":0,""rectanglelabels"":[""USB""],""original_width"":800,""original_height"":800},{""x"":77.11313394018205,""y"":61.378413524057216,""width"":4.161248374512354,""height"":3.64109232769831,""rotation"":0,""rectanglelabels"":[""USB""],""original_width"":800,""original_height"":800},{""x"":49.93498049414825,""y"":67.88036410923277,""width"":9.492847854356306,""height"":7.022106631989601,""rotation"":0,""rectanglelabels"":[""VGA""],""original_width"":800,""original_height"":800},{""x"":48.7646293888167,""y"":74.64239271781534,""width"":14.824447334200222,""height"":9.622886866059806,""rotation"":0,""rectanglelabels"":[""DVI""],""original_width"":800,""original_height"":800},{""x"":42.52275682704811,""y"":81.53446033810144,""width"":4.551365409622889,""height"":4.681404421326391,""rotation"":0,""rectanglelabels"":[""PS""],""original_width"":800,""original_height"":800},{""x"":40.83224967490247,""y"":75.16254876462939,""width"":5.721716514954487,""height"":5.981794538361498,""rotation"":0,""rectanglelabels"":[""PS2""],""original_width"":800,""original_height"":800},{""x"":86.47594278283485,""y"":54.61638491547465,""width"":3.9011703511053355,""height"":4.291287386215856,""rotation"":0,""rectanglelabels"":[""AUDIO_OUTPUT""],""original_width"":800,""original_height"":800},{""x"":86.21586475942783,""y"":50.97529258777633,""width"":4.031209362808838,""height"":3.9011703511053355,""rotation"":0,""rectanglelabels"":[""AUDIO_INPUT""],""original_width"":800,""original_height"":800},{""x"":86.86605981794538,""y"":46.94408322496749,""width"":3.771131339401819,""height"":4.42132639791938,""rotation"":0,""rectanglelabels"":[""AUDIO""],""original_width"":800,""original_height"":800}]",45.241,"2023-10-06T18:05:40.144560Z"
29,"1","2023-10-06T18:05:54.923521Z",29,"/data/upload/4/fc556b4c-000028.jpeg","[{""x"":11.31339401820546,""y"":20.806241872561767,""width"":10.143042912873863,""height"":9.882964889466841,""rotation"":0,""rectanglelabels"":[""USB""],""original_width"":800,""original_height"":800},{""x"":21.456436931079324,""y"":30.169050715214563,""width"":8.192457737321199,""height"":8.58257477243173,""rotation"":0,""rectanglelabels"":[""USB""],""original_width"":800,""original_height"":800},{""x"":30.039011703511054,""y"":38.10143042912874,""width"":9.102730819245775,""height"":8.842652795838752,""rotation"":0,""rectanglelabels"":[""USB""],""original_width"":800,""original_height"":800},{""x"":41.0923276983095,""y"":47.594278283485046,""width"":6.762028608582568,""height"":8.582574772431727,""rotation"":0,""rectanglelabels"":[""USB""],""original_width"":800,""original_height"":800},{""x"":50.06501950585176,""y"":56.95708712613784,""width"":8.322496749024701,""height"":8.842652795838752,""rotation"":0,""rectanglelabels"":[""USB""],""original_width"":800,""original_height"":800},{""x"":60.46814044213264,""y"":66.05981794538361,""width"":7.80234070221065,""height"":9.622886866059815,""rotation"":0,""rectanglelabels"":[""USB""],""original_width"":800,""original_height"":800},{""x"":69.70091027308193,""y"":75.03250975292588,""width"":10.403120936280885,""height"":10.403120936280885,""rotation"":0,""rectanglelabels"":[""USB""],""original_width"":800,""original_height"":800}]",13.651,"2023-10-06T18:05:54.924518Z"
30,"1","2023-10-06T18:06:10.800295Z",30,"/data/upload/4/5eed8e95-000029.jpeg","[{""x"":65.7997399219766,""y"":21.976592977893368,""width"":5.331599479843959,""height"":8.452535760728217,""rotation"":0,""rectanglelabels"":[""USB""],""original_width"":800,""original_height"":800},{""x"":67.36020806241872,""y"":13.52405721716515,""width"":4.551365409622889,""height"":7.412223667100129,""rotation"":0,""rectanglelabels"":[""USB""],""original_width"":800,""original_height"":800},{""x"":68.53055916775033,""y"":3.3810143042912877,""width"":5.851755526657996,""height"":5.981794538361509,""rotation"":0,""rectanglelabels"":[""POWER""],""original_width"":800,""original_height"":800},{""x"":65.7997399219766,""y"":32.63979193758127,""width"":5.591677503250963,""height"":4.811443433029915,""rotation"":0,""rectanglelabels"":[""AUDIO""],""original_width"":800,""original_height"":800}]",14.405,"2023-10-06T18:06:10.800295Z"
31,"1","2023-10-06T18:07:10.405577Z",31,"/data/upload/4/6f463bdb-000030.jpeg","[{""x"":29.518855656697006,""y"":18.205461638491546,""width"":3.250975292587775,""height"":5.331599479843955,""rotation"":0,""rectanglelabels"":[""USB""],""original_width"":800,""original_height"":800},{""x"":32.63979193758127,""y"":18.59557867360208,""width"":2.470741222366712,""height"":4.551365409622889,""rotation"":0,""rectanglelabels"":[""USB""],""original_width"":800,""original_height"":800},{""x"":34.070221066319895,""y"":18.855656697009103,""width"":3.771131339401819,""height"":4.5513654096228855,""rotation"":0,""rectanglelabels"":[""USB""],""original_width"":800,""original_height"":800},{""x"":37.19115734720416,""y"":18.46553966189857,""width"":2.9908972691807563,""height"":5.07152145643693,""rotation"":0,""rectanglelabels"":[""USB""],""original_width"":800,""original_height"":800},{""x"":32.76983094928478,""y"":24.317295188556567,""width"":2.6007802340702213,""height"":5.331599479843955,""rotation"":0,""rectanglelabels"":[""USB""],""original_width"":800,""original_height"":800},{""x"":29.518855656697006,""y"":24.83745123537061,""width"":3.1209362808842656,""height"":4.9414824447334205,""rotation"":0,""rectanglelabels"":[""USB""],""original_width"":800,""original_height"":800},{""x"":30.169050715214563,""y"":31.339401820546165,""width"":2.340702210663199,""height"":5.331599479843952,""rotation"":0,""rectanglelabels"":[""USBC""],""original_width"":800,""original_height"":800},{""x"":32.37971391417425,""y"":31.469440832249674,""width"":2.86085825747724,""height"":5.201560468140443,""rotation"":0,""rectanglelabels"":[""USB""],""original_width"":800,""original_height"":800},{""x"":34.980494148244475,""y"":30.949284785435633,""width"":4.42132639791938,""height"":5.721716514954483,""rotation"":0,""rectanglelabels"":[""ETHERNET""],""original_width"":800,""original_height"":800},{""x"":29.388816644993497,""y"":10.533159947984396,""width"":3.381014304291284,""height"":6.371911573472039,""rotation"":0,""rectanglelabels"":[""HDMI""],""original_width"":800,""original_height"":800},{""x"":29.778933680104032,""y"":4.161248374512354,""width"":2.990897269180749,""height"":5.0715214564369315,""rotation"":0,""rectanglelabels"":[""USB""],""original_width"":800,""original_height"":800},{""x"":32.63979193758127,""y"":4.161248374512354,""width"":3.3810143042912912,""height"":5.331599479843952,""rotation"":0,""rectanglelabels"":[""USB""],""original_width"":800,""original_height"":800},{""x"":33.68010403120936,""y"":41.352405721716515,""width"":2.860858257477247,""height"":3.64109232769831,""rotation"":0,""rectanglelabels"":[""AUDIO_INPUT""],""original_width"":800,""original_height"":800},{""x"":30.299089726918076,""y"":41.612483745123534,""width"":2.9908972691807563,""height"":2.9908972691807563,""rotation"":0,""rectanglelabels"":[""AUDIO_OUTPUT""],""original_width"":800,""original_height"":800},{""x"":37.061118335500645,""y"":41.612483745123534,""width"":3.1209362808842727,""height"":3.64109232769831,""rotation"":0,""rectanglelabels"":[""AUDIO""],""original_width"":800,""original_height"":800},{""x"":43.43302990897269,""y"":52.145643693107935,""width"":5.981794538361505,""height"":2.86085825747724,""rotation"":0,""rectanglelabels"":[""HDMI""],""original_width"":800,""original_height"":800},{""x"":34.850455136540965,""y"":51.88556566970091,""width"":7.022106631989594,""height"":3.771131339401819,""rotation"":0,""rectanglelabels"":[""DISPLAYPORT""],""original_width"":800,""original_height"":800}]",57.097,"2023-10-06T18:07:10.405577Z"
32,"1","2023-10-06T18:09:31.888639Z",32,"/data/upload/4/68154d81-000031.jpeg","[{""x"":47.98439531859558,""y"":50.585175552665795,""width"":10.923276983094922,""height"":9.752925877763332,""rotation"":0,""rectanglelabels"":[""USB""],""original_width"":800,""original_height"":800},{""x"":58.9076723016905,""y"":47.594278283485046,""width"":11.313394018205464,""height"":11.313394018205457,""rotation"":0,""rectanglelabels"":[""ETHERNET""],""original_width"":800,""original_height"":800},{""x"":36.93107932379714,""y"":56.95708712613784,""width"":8.972691807542255,""height"":7.022106631989594,""rotation"":0,""rectanglelabels"":[""AUDIO_INPUT""],""original_width"":800,""original_height"":800},{""x"":25.74772431729519,""y"":61.248374512353706,""width"":9.752925877763328,""height"":7.412223667100136,""rotation"":0,""rectanglelabels"":[""AUDIO_OUTPUT""],""original_width"":800,""original_height"":800}]",139.614,"2023-10-06T18:09:31.888639Z"
33,"1","2023-10-06T18:10:31.475936Z",33,"/data/upload/4/e61119a9-000032.jpeg","[{""x"":12.613784135240572,""y"":49.15474642392718,""width"":14.43433029908973,""height"":13.003901170351106,""rotation"":0,""rectanglelabels"":[""ETHERNET""],""original_width"":800,""original_height"":800},{""x"":0,""y"":47.594278283485046,""width"":10.793237971391417,""height"":9.232769830949287,""rotation"":0,""rectanglelabels"":[""ETHERNET""],""original_width"":800,""original_height"":800},{""x"":0,""y"":56.95708712613784,""width"":11.183355006501952,""height"":6.762028608582568,""rotation"":0,""rectanglelabels"":[""USB""],""original_width"":800,""original_height"":800},{""x"":14.434330299089726,""y"":62.54876462938882,""width"":11.833550065019505,""height"":6.501950585175557,""rotation"":0,""rectanglelabels"":[""USB""],""original_width"":800,""original_height"":800},{""x"":15.214564369310793,""y"":69.83094928478543,""width"":10.793237971391413,""height"":6.5019505851756225,""rotation"":0,""rectanglelabels"":[""USBC""],""original_width"":800,""original_height"":800},{""x"":0,""y"":63.45903771131339,""width"":10.533159947984396,""height"":8.712613784135236,""rotation"":0,""rectanglelabels"":[""USBC""],""original_width"":800,""original_height"":800},{""x"":29.778933680104032,""y"":53.44603381014304,""width"":12.74382314694408,""height"":8.192457737321192,""rotation"":0,""rectanglelabels"":[""USB""],""original_width"":800,""original_height"":800},{""x"":31.209362808842656,""y"":62.158647594278285,""width"":11.443433029908974,""height"":5.071521456436933,""rotation"":0,""rectanglelabels"":[""USB""],""original_width"":800,""original_height"":800},{""x"":31.339401820546165,""y"":67.88036410923277,""width"":10.923276983094922,""height"":6.631989596879066,""rotation"":0,""rectanglelabels"":[""USB""],""original_width"":800,""original_height"":800},{""x"":30.689206762028615,""y"":75.2925877763329,""width"":10.663198959687904,""height"":5.201560468140442,""rotation"":0,""rectanglelabels"":[""USB""],""original_width"":800,""original_height"":800},{""x"":59.167750325097536,""y"":73.73211963589077,""width"":8.452535760728217,""height"":7.802340702210657,""rotation"":0,""rectanglelabels"":[""AUDIO_OUTPUT""],""original_width"":800,""original_height"":800},{""x"":59.167750325097536,""y"":82.83485045513655,""width"":8.062418725617682,""height"":7.2821846553966205,""rotation"":0,""rectanglelabels"":[""AUDIO_INPUT""],""original_width"":800,""original_height"":800},{""x"":58.647594278283485,""y"":64.49934980494149,""width"":9.232769830949287,""height"":7.542262678803638,""rotation"":0,""rectanglelabels"":[""AUDIO""],""original_width"":800,""original_height"":800}]",58.108,"2023-10-06T18:10:31.475936Z"
34,"1","2023-10-06T18:10:44.796689Z",34,"/data/upload/4/0fb02a29-000033.jpeg","[{""x"":13.654096228868662,""y"":62.67880364109233,""width"":12.093628088426529,""height"":6.892067620286085,""rotation"":0,""rectanglelabels"":[""HDMI""],""original_width"":800,""original_height"":800},{""x"":27.438231469440833,""y"":62.54876462938882,""width"":8.972691807542258,""height"":7.542262678803631,""rotation"":0,""rectanglelabels"":[""USB""],""original_width"":800,""original_height"":800},{""x"":37.971391417425224,""y"":64.49934980494149,""width"":7.15214564369311,""height"":4.551365409622889,""rotation"":0,""rectanglelabels"":[""USBC""],""original_width"":800,""original_height"":800},{""x"":68.14044213263979,""y"":63.84915474642393,""width"":6.3719115734720475,""height"":5.20156046814045,""rotation"":0,""rectanglelabels"":[""AUDIO""],""original_width"":800,""original_height"":800}]",12.021,"2023-10-06T18:10:44.796689Z"
35,"1","2023-10-06T18:11:42.194667Z",35,"/data/upload/4/93b1552b-000034.jpeg","[{""x"":21.456436931079324,""y"":80.10403120936282,""width"":9.622886866059819,""height"":11.703511053315978,""rotation"":0,""rectanglelabels"":[""AUDIO_OUTPUT""],""original_width"":800,""original_height"":800},{""x"":32.37971391417425,""y"":74.77243172951886,""width"":10.92327698309493,""height"":11.963589076723025,""rotation"":0,""rectanglelabels"":[""AUDIO_INPUT""],""original_width"":800,""original_height"":800},{""x"":42.132639791937585,""y"":68.40052015604682,""width"":13.654096228868653,""height"":13.133940182054616,""rotation"":0,""rectanglelabels"":[""USB""],""original_width"":800,""original_height"":800},{""x"":63.32899869960988,""y"":56.697009102730824,""width"":13.133940182054616,""height"":14.304291287386214,""rotation"":0,""rectanglelabels"":[""VGA""],""original_width"":800,""original_height"":800}]",30.841,"2023-10-06T18:11:42.194667Z"
36,"1","2023-10-06T18:11:54.917515Z",36,"/data/upload/4/b8b303a6-000035.jpeg","[{""x"":45.9037711313394,""y"":59.557867360208064,""width"":17.94538361508453,""height"":13.003901170351098,""rotation"":0,""rectanglelabels"":[""HDMI""],""original_width"":800,""original_height"":800},{""x"":65.40962288686606,""y"":65.7997399219766,""width"":13.394018205461649,""height"":10.403120936280885,""rotation"":0,""rectanglelabels"":[""USB""],""original_width"":800,""original_height"":800},{""x"":33.55006501950585,""y"":58.12743823146944,""width"":11.703511053315992,""height"":8.582574772431727,""rotation"":0,""rectanglelabels"":[""USBC""],""original_width"":800,""original_height"":800}]",11.673,"2023-10-06T18:11:54.917515Z"
37,"1","2023-10-06T18:12:51.628006Z",37,"/data/upload/4/65413505-000036.jpeg","[{""x"":6.8920676202860855,""y"":43.43302990897269,""width"":6.371911573472041,""height"":4.681404421326398,""rotation"":0,""rectanglelabels"":[""USB""],""original_width"":800,""original_height"":800},{""x"":6.501950585175553,""y"":47.98439531859558,""width"":7.282184655396618,""height"":4.031209362808845,""rotation"":0,""rectanglelabels"":[""USB""],""original_width"":800,""original_height"":800},{""x"":6.762028608582576,""y"":52.145643693107914,""width"":7.152145643693107,""height"":3.7711313394018244,""rotation"":0,""rectanglelabels"":[""USB""],""original_width"":800,""original_height"":800},{""x"":6.371911573472041,""y"":55.78673602080624,""width"":7.802340702210662,""height"":5.071521456436933,""rotation"":0,""rectanglelabels"":[""USB""],""original_width"":800,""original_height"":800},{""x"":16.124837451235372,""y"":57.86736020806242,""width"":6.6319895968790625,""height"":5.071521456436926,""rotation"":0,""rectanglelabels"":[""USBC""],""original_width"":800,""original_height"":800},{""x"":24.83745123537061,""y"":60.72821846553966,""width"":7.93237971391417,""height"":5.461638491547468,""rotation"":0,""rectanglelabels"":[""USBC""],""original_width"":800,""original_height"":800},{""x"":24.57737321196359,""y"":55.65669700910273,""width"":8.712613784135243,""height"":5.461638491547475,""rotation"":0,""rectanglelabels"":[""USB""],""original_width"":800,""original_height"":800},{""x"":35.370611183355,""y"":52.015604681404426,""width"":8.972691807542269,""height"":7.802340702210664,""rotation"":0,""rectanglelabels"":[""ETHERNET""],""original_width"":800,""original_height"":800},{""x"":36.28088426527958,""y"":60.07802340702211,""width"":7.412223667100129,""height"":3.2509752925877744,""rotation"":0,""rectanglelabels"":[""USB""],""original_width"":800,""original_height"":800},{""x"":36.93107932379714,""y"":63.45903771131339,""width"":6.8920676202860855,""height"":4.4213263979193655,""rotation"":0,""rectanglelabels"":[""USB""],""original_width"":800,""original_height"":800},{""x"":52.79583875162549,""y"":61.248374512353706,""width"":5.331599479843952,""height"":3.9011703511053355,""rotation"":0,""rectanglelabels"":[""AUDIO_INPUT""],""original_width"":800,""original_height"":800},{""x"":52.79583875162549,""y"":66.31989596879063,""width"":5.071521456436933,""height"":4.2912873862158705,""rotation"":0,""rectanglelabels"":[""AUDIO_OUTPUT""],""original_width"":800,""original_height"":800},{""x"":52.79583875162549,""y"":55.136540962288684,""width"":6.111833550065015,""height"":5.98179453836152,""rotation"":0,""rectanglelabels"":[""AUDIO""],""original_width"":800,""original_height"":800},{""x"":0,""y"":53.70611183355006,""width"":4.161248374512354,""height"":4.2912873862158705,""rotation"":0,""rectanglelabels"":[""HDMI""],""original_width"":800,""original_height"":800},{""x"":0,""y"":45.9037711313394,""width"":4.9414824447334205,""height"":5.721716514954494,""rotation"":0,""rectanglelabels"":[""USB""],""original_width"":800,""original_height"":800}]",55.52,"2023-10-06T18:12:51.628006Z"
38,"1","2023-10-06T18:13:39.781964Z",38,"/data/upload/4/762a7660-000037.jpeg","[{""x"":5.981794538361508,""y"":50.19505851755527,""width"":10.923276983094926,""height"":5.721716514954494,""rotation"":0,""rectanglelabels"":[""USB""],""original_width"":800,""original_height"":800},{""x"":5.071521456436931,""y"":55.65669700910273,""width"":11.703511053315998,""height"":6.3719115734720475,""rotation"":0,""rectanglelabels"":[""USB""],""original_width"":800,""original_height"":800},{""x"":33.159947984395316,""y"":51.49544863459038,""width"":9.232769830949287,""height"":4.681404421326391,""rotation"":0,""rectanglelabels"":[""USB""],""original_width"":800,""original_height"":800},{""x"":33.28998699609883,""y"":56.697009102730824,""width"":9.23276983094928,""height"":5.071521456436933,""rotation"":0,""rectanglelabels"":[""USB""],""original_width"":800,""original_height"":800},{""x"":46.814044213263976,""y"":55.39661898569571,""width"":11.443433029908974,""height"":6.892067620286085,""rotation"":0,""rectanglelabels"":[""USBC""],""original_width"":800,""original_height"":800},{""x"":46.55396618985696,""y"":47.854356306892065,""width"":12.613784135240563,""height"":6.762028608582568,""rotation"":0,""rectanglelabels"":[""HDMI""],""original_width"":800,""original_height"":800},{""x"":60.98829648894668,""y"":50.71521456436932,""width"":11.313394018205464,""height"":5.071521456436919,""rotation"":0,""rectanglelabels"":[""USB""],""original_width"":800,""original_height"":800},{""x"":62.158647594278285,""y"":56.30689206762028,""width"":10.92327698309493,""height"":4.811443433029922,""rotation"":0,""rectanglelabels"":[""USB""],""original_width"":800,""original_height"":800},{""x"":75.94278283485045,""y"":51.7555266579974,""width"":10.143042912873867,""height"":4.291287386215863,""rotation"":0,""rectanglelabels"":[""USB""],""original_width"":800,""original_height"":800},{""x"":76.332899869961,""y"":56.30689206762028,""width"":9.102730819245778,""height"":5.591677503250985,""rotation"":0,""rectanglelabels"":[""USB""],""original_width"":800,""original_height"":800},{""x"":74.51235370611184,""y"":41.352405721716515,""width"":10.92327698309492,""height"":9.102730819245771,""rotation"":0,""rectanglelabels"":[""ETHERNET""],""original_width"":800,""original_height"":800},{""x"":89.98699609882965,""y"":54.35630689206762,""width"":5.071521456436926,""height"":5.201560468140443,""rotation"":0,""rectanglelabels"":[""AUDIO_OUTPUT""],""original_width"":800,""original_height"":800},{""x"":89.46684005201561,""y"":48.37451235370611,""width"":6.50195058517555,""height"":4.811443433029908,""rotation"":0,""rectanglelabels"":[""AUDIO_INPUT""],""original_width"":800,""original_height"":800},{""x"":89.3368010403121,""y"":40.44213263979193,""width"":6.3719115734720475,""height"":6.631989596879059,""rotation"":0,""rectanglelabels"":[""AUDIO""],""original_width"":800,""original_height"":800}]",46.746,"2023-10-06T18:13:39.781964Z"
39,"1","2023-10-06T18:14:03.501146Z",39,"/data/upload/4/4dfdf4ee-000038.jpeg","[{""x"":12.873862158647595,""y"":34.59037711313395,""width"":20.026007802340704,""height"":15.344603381014302,""rotation"":0,""rectanglelabels"":[""HDMI""],""original_width"":800,""original_height"":800},{""x"":41.0923276983095,""y"":36.80104031209363,""width"":17.815344603381014,""height"":10.533159947984394,""rotation"":0,""rectanglelabels"":[""USB""],""original_width"":800,""original_height"":800},{""x"":39.01170351105331,""y"":43.69310793237972,""width"":16.25487646293888,""height"":14.304291287386214,""rotation"":0,""rectanglelabels"":[""USB""],""original_width"":800,""original_height"":800},{""x"":62.158647594278285,""y"":44.083224967490246,""width"":18.725617685305586,""height"":11.183355006501955,""rotation"":0,""rectanglelabels"":[""USB""],""original_width"":800,""original_height"":800},{""x"":58.777633289986994,""y"":51.36540962288687,""width"":18.595578673602077,""height"":13.133940182054616,""rotation"":0,""rectanglelabels"":[""USB""],""original_width"":800,""original_height"":800},{""x"":82.44473342002601,""y"":60.20806241872562,""width"":14.174252275682704,""height"":11.313394018205457,""rotation"":0,""rectanglelabels"":[""USB""],""original_width"":800,""original_height"":800},{""x"":88.16644993498049,""y"":52.925877763329,""width"":11.833550065019509,""height"":9.362808842652797,""rotation"":0,""rectanglelabels"":[""USB""],""original_width"":800,""original_height"":800}]",22.737,"2023-10-06T18:14:03.501146Z"
40,"1","2023-10-06T18:14:15.411211Z",40,"/data/upload/4/25defa18-000039.jpeg","[{""x"":27.308192457737324,""y"":33.159947984395316,""width"":7.0221066319895975,""height"":12.093628088426527,""rotation"":0,""rectanglelabels"":[""USB""],""original_width"":800,""original_height"":800},{""x"":27.568270481144342,""y"":50.06501950585176,""width"":7.542262678803642,""height"":12.223667100130037,""rotation"":0,""rectanglelabels"":[""USB""],""original_width"":800,""original_height"":800},{""x"":67.23016905071522,""y"":33.42002600780234,""width"":5.201560468140443,""height"":11.313394018205464,""rotation"":0,""rectanglelabels"":[""USB""],""original_width"":800,""original_height"":800},{""x"":66.05981794538361,""y"":50.32509752925878,""width"":6.762028608582568,""height"":11.313394018205457,""rotation"":0,""rectanglelabels"":[""USB""],""original_width"":800,""original_height"":800}]",10.181,"2023-10-06T18:14:15.411211Z"
41,"1","2023-10-06T18:14:22.954646Z",41,"/data/upload/4/17848d9e-000040.jpeg","[{""x"":81.66449934980494,""y"":61.638491547464234,""width"":8.452535760728225,""height"":7.022106631989608,""rotation"":0,""rectanglelabels"":[""USB""],""original_width"":800,""original_height"":800},{""x"":93.49804941482445,""y"":58.12743823146944,""width"":6.50195058517555,""height"":7.28218465539662,""rotation"":0,""rectanglelabels"":[""USB""],""original_width"":800,""original_height"":800},{""x"":68.53055916775033,""y"":67.49024707412224,""width"":11.833550065019509,""height"":7.28218465539662,""rotation"":0,""rectanglelabels"":[""USB""],""original_width"":800,""original_height"":800}]",6.523,"2023-10-06T18:14:22.954646Z"
42,"1","2023-10-06T18:14:31.462841Z",42,"/data/upload/4/14dadfe1-000041.jpeg","[{""x"":50.585175552665795,""y"":58.12743823146944,""width"":14.044213263979195,""height"":7.802340702210671,""rotation"":0,""rectanglelabels"":[""USB""],""original_width"":800,""original_height"":800},{""x"":51.36540962288686,""y"":65.40962288686606,""width"":12.61378413524058,""height"":6.501950585175549,""rotation"":0,""rectanglelabels"":[""USB""],""original_width"":800,""original_height"":800}]",7.365,"2023-10-06T18:14:31.462841Z"
43,"1","2023-10-06T18:15:14.611362Z",43,"/data/upload/4/b83016fe-000042.jpeg","[{""x"":13.263979193758127,""y"":40.83224967490247,""width"":27.17815344603381,""height"":21.58647594278284,""rotation"":0,""rectanglelabels"":[""ETHERNET""],""original_width"":800,""original_height"":800},{""x"":15.474642392717817,""y"":30.429128738621586,""width"":22.106631989596877,""height"":10.273081924577376,""rotation"":0,""rectanglelabels"":[""USB""],""original_width"":800,""original_height"":800},{""x"":16.124837451235372,""y"":19.63589076723017,""width"":21.456436931079324,""height"":9.622886866059819,""rotation"":0,""rectanglelabels"":[""USB""],""original_width"":800,""original_height"":800},{""x"":40.572171651495445,""y"":18.075422626788036,""width"":27.17815344603381,""height"":14.304291287386217,""rotation"":0,""rectanglelabels"":[""HDMI""],""original_width"":800,""original_height"":800},{""x"":0,""y"":20.026007802340704,""width"":8.972691807542263,""height"":9.232769830949284,""rotation"":0,""rectanglelabels"":[""USB""],""original_width"":800,""original_height"":800},{""x"":0,""y"":30.039011703511054,""width"":9.362808842652797,""height"":11.183355006501952,""rotation"":0,""rectanglelabels"":[""USB""],""original_width"":800,""original_height"":800},{""x"":73.08192457737321,""y"":42.78283485045514,""width"":26.918075422626785,""height"":20.416124837451235,""rotation"":0,""rectanglelabels"":[""VGA""],""original_width"":800,""original_height"":800},{""x"":69.3107932379714,""y"":18.205461638491546,""width"":30.689206762028604,""height"":17.035110533159948,""rotation"":0,""rectanglelabels"":[""DVI""],""original_width"":800,""original_height"":800}]",42.254,"2023-10-06T18:15:14.611362Z"
44,"1","2023-10-06T18:15:49.160660Z",44,"/data/upload/4/50ba211b-000043.jpeg","[{""x"":0,""y"":51.36540962288687,""width"":21.586475942782833,""height"":9.492847854356299,""rotation"":0,""rectanglelabels"":[""USB""],""original_width"":800,""original_height"":800},{""x"":0,""y"":61.118335500650204,""width"":22.62678803641092,""height"":10.273081924577355,""rotation"":0,""rectanglelabels"":[""USB""],""original_width"":800,""original_height"":800},{""x"":0,""y"":73.21196358907672,""width"":21.976592977893368,""height"":9.492847854356313,""rotation"":0,""rectanglelabels"":[""USB""],""original_width"":800,""original_height"":800},{""x"":0,""y"":84.00520156046815,""width"":20.93628088426528,""height"":9.102730819245764,""rotation"":0,""rectanglelabels"":[""USB""],""original_width"":800,""original_height"":800},{""x"":31.729518855656696,""y"":50.32509752925878,""width"":22.106631989596874,""height"":10.533159947984394,""rotation"":0,""rectanglelabels"":[""USB""],""original_width"":800,""original_height"":800},{""x"":31.729518855656696,""y"":62.93888166449935,""width"":21.196358907672302,""height"":8.972691807542262,""rotation"":0,""rectanglelabels"":[""USB""],""original_width"":800,""original_height"":800},{""x"":32.37971391417425,""y"":73.34200260078023,""width"":20.806241872561763,""height"":10.143042912873867,""rotation"":0,""rectanglelabels"":[""USB""],""original_width"":800,""original_height"":800},{""x"":31.339401820546165,""y"":84.00520156046815,""width"":21.586475942782833,""height"":9.362808842652782,""rotation"":0,""rectanglelabels"":[""USB""],""original_width"":800,""original_height"":800},{""x"":63.45903771131339,""y"":72.17165149544863,""width"":22.88686605981794,""height"":11.703511053315992,""rotation"":0,""rectanglelabels"":[""USB""],""original_width"":800,""original_height"":800},{""x"":62.54876462938882,""y"":53.70611183355006,""width"":24.967490247074117,""height"":18.98569570871262,""rotation"":0,""rectanglelabels"":[""ETHERNET""],""original_width"":800,""original_height"":800},{""x"":63.97919375812744,""y"":83.87516254876462,""width"":17.815344603381007,""height"":9.102730819245778,""rotation"":0,""rectanglelabels"":[""USBC""],""original_width"":800,""original_height"":800}]",32.489,"2023-10-06T18:15:49.160660Z"
45,"1","2023-10-06T18:17:10.065219Z",45,"/data/upload/4/1fe2f100-000044.jpeg","[{""x"":13.654096228868662,""y"":45.9037711313394,""width"":25.357607282184645,""height"":10.143042912873858,""rotation"":0,""rectanglelabels"":[""VGA""],""original_width"":800,""original_height"":800},{""x"":10.273081924577374,""y"":62.288686605981795,""width"":31.85955786736021,""height"":10.143042912873867,""rotation"":0,""rectanglelabels"":[""DVI""],""original_width"":800,""original_height"":800},{""x"":0,""y"":58.38751625487646,""width"":9.362808842652797,""height"":5.201560468140443,""rotation"":0,""rectanglelabels"":[""USB""],""original_width"":800,""original_height"":800},{""x"":0,""y"":65.53966189856956,""width"":8.712613784135241,""height"":6.241872561768545,""rotation"":0,""rectanglelabels"":[""USB""],""original_width"":800,""original_height"":800},{""x"":0,""y"":48.50455136540962,""width"":8.58257477243173,""height"":8.322496749024715,""rotation"":0,""rectanglelabels"":[""PS2""],""original_width"":800,""original_height"":800},{""x"":51.62548764629389,""y"":46.94408322496749,""width"":14.044213263979188,""height"":10.533159947984394,""rotation"":0,""rectanglelabels"":[""ETHERNET""],""original_width"":800,""original_height"":800},{""x"":68.66059817945384,""y"":47.074122236671,""width"":14.044213263979188,""height"":10.92327698309493,""rotation"":0,""rectanglelabels"":[""ETHERNET""],""original_width"":800,""original_height"":800},{""x"":53.18595578673602,""y"":57.737321196358906,""width"":11.963589076723025,""height"":6.7620286085825825,""rotation"":0,""rectanglelabels"":[""USB""],""original_width"":800,""original_height"":800},{""x"":69.4408322496749,""y"":58.38751625487646,""width"":12.743823146944095,""height"":6.631989596879066,""rotation"":0,""rectanglelabels"":[""USB""],""original_width"":800,""original_height"":800},{""x"":69.18075422626788,""y"":65.27958387516254,""width"":12.35370611183356,""height"":5.85175552665801,""rotation"":0,""rectanglelabels"":[""USB""],""original_width"":800,""original_height"":800},{""x"":53.31599479843953,""y"":65.40962288686606,""width"":11.313394018205457,""height"":7.152145643693103,""rotation"":0,""rectanglelabels"":[""USBC""],""original_width"":800,""original_height"":800},{""x"":94.01820546163849,""y"":45.51365409622887,""width"":5.9817945383615125,""height"":7.542262678803638,""rotation"":0,""rectanglelabels"":[""AUDIO""],""original_width"":800,""original_height"":800},{""x"":95.05851755526658,""y"":53.70611183355006,""width"":4.941482444733424,""height"":8.192457737321206,""rotation"":0,""rectanglelabels"":[""AUDIO_INPUT""],""original_width"":800,""original_height"":800},{""x"":95.18855656697009,""y"":62.80884265279584,""width"":4.811443433029908,""height"":9.492847854356306,""rotation"":0,""rectanglelabels"":[""AUDIO_OUTPUT""],""original_width"":800,""original_height"":800},{""x"":42.52275682704811,""y"":57.607282184655396,""width"":8.452535760728217,""height"":14.954486345903767,""rotation"":0,""rectanglelabels"":[""HDMI""],""original_width"":800,""original_height"":800}]",82.505,"2023-10-06T18:17:14.096119Z"
46,"1","2023-10-06T18:17:43.797646Z",46,"/data/upload/4/e7956492-000045.jpeg","[{""x"":69.05071521456438,""y"":33.68010403120936,""width"":24.577373211963575,""height"":12.223667100130037,""rotation"":0,""rectanglelabels"":[""USB""],""original_width"":800,""original_height"":800},{""x"":70.09102730819245,""y"":46.68400520156047,""width"":23.927178153446036,""height"":12.743823146944088,""rotation"":0,""rectanglelabels"":[""USB""],""original_width"":800,""original_height"":800},{""x"":69.83094928478543,""y"":60.20806241872562,""width"":25.617685305591678,""height"":12.873862158647597,""rotation"":0,""rectanglelabels"":[""USB""],""original_width"":800,""original_height"":800},{""x"":69.18075422626788,""y"":73.73211963589077,""width"":26.657997399219767,""height"":12.873862158647597,""rotation"":0,""rectanglelabels"":[""USB""],""original_width"":800,""original_height"":800},{""x"":0,""y"":59.03771131339401,""width"":22.62678803641092,""height"":18.985695708712612,""rotation"":0,""rectanglelabels"":[""ETHERNET""],""original_width"":800,""original_height"":800}]",28.196,"2023-10-06T18:17:43.797646Z"
47,"1","2023-10-06T18:18:24.176204Z",47,"/data/upload/4/d98a8fd9-000046.jpeg","[{""x"":31.599479843953187,""y"":4.811443433029909,""width"":14.174252275682706,""height"":45.513654096228876,""rotation"":0,""rectanglelabels"":[""DVI""],""original_width"":800,""original_height"":800},{""x"":52.405721716514954,""y"":9.492847854356306,""width"":16.124837451235372,""height"":40.31209362808843,""rotation"":0,""rectanglelabels"":[""VGA""],""original_width"":800,""original_height"":800},{""x"":30.949284785435633,""y"":50.06501950585176,""width"":9.752925877763328,""height"":17.945383615084516,""rotation"":0,""rectanglelabels"":[""USB""],""original_width"":800,""original_height"":800},{""x"":41.0923276983095,""y"":50.585175552665795,""width"":8.452535760728217,""height"":19.89596879063719,""rotation"":0,""rectanglelabels"":[""USB""],""original_width"":800,""original_height"":800},{""x"":49.93498049414825,""y"":50.71521456436932,""width"":8.972691807542255,""height"":20.67620286085824,""rotation"":0,""rectanglelabels"":[""USB""],""original_width"":800,""original_height"":800},{""x"":58.517555266579976,""y"":51.36540962288687,""width"":11.573472041612476,""height"":22.756827048114417,""rotation"":0,""rectanglelabels"":[""USB""],""original_width"":800,""original_height"":800},{""x"":38.23146944083225,""y"":73.99219765929779,""width"":9.622886866059815,""height"":18.725617685305593,""rotation"":0,""rectanglelabels"":[""USB""],""original_width"":800,""original_height"":800},{""x"":30.299089726918076,""y"":72.56176853055916,""width"":8.712613784135236,""height"":18.07542262678804,""rotation"":0,""rectanglelabels"":[""USB""],""original_width"":800,""original_height"":800},{""x"":48.114434330299076,""y"":75.16254876462935,""width"":14.04421326397923,""height"":18.855656697009106,""rotation"":0,""rectanglelabels"":[""ETHERNET""],""original_width"":800,""original_height"":800}]",38.943,"2023-10-06T18:18:24.176204Z"
48,"1","2023-10-06T18:18:47.850931Z",48,"/data/upload/4/61e5b513-000047.jpeg","[{""x"":54.486345903771124,""y"":36.67100130039012,""width"":32.24967490247074,""height"":20.54616384915474,""rotation"":0,""rectanglelabels"":[""ETHERNET""],""original_width"":800,""original_height"":800},{""x"":56.95708712613784,""y"":57.99739921976593,""width"":25.747724317295187,""height"":10.013003901170343,""rotation"":0,""rectanglelabels"":[""USB""],""original_width"":800,""original_height"":800},{""x"":58.517555266579976,""y"":68.66059817945384,""width"":23.407022106631985,""height"":10.143042912873867,""rotation"":0,""rectanglelabels"":[""USB""],""original_width"":800,""original_height"":800},{""x"":22.496749024707412,""y"":54.35630689206762,""width"":24.57737321196359,""height"":12.353706111833546,""rotation"":0,""rectanglelabels"":[""USB""],""original_width"":800,""original_height"":800},{""x"":22.62678803641092,""y"":67.88036410923277,""width"":25.877763328998697,""height"":12.093628088426527,""rotation"":0,""rectanglelabels"":[""USB""],""original_width"":800,""original_height"":800},{""x"":0,""y"":67.36020806241872,""width"":11.313394018205459,""height"":14.30429128738622,""rotation"":0,""rectanglelabels"":[""USB""],""original_width"":800,""original_height"":800},{""x"":0,""y"":55.006501950585175,""width"":11.703511053315994,""height"":11.833550065019509,""rotation"":0,""rectanglelabels"":[""USB""],""original_width"":800,""original_height"":800},{""x"":94.66840052015606,""y"":58.38751625487646,""width"":5.331599479843945,""height"":9.102730819245778,""rotation"":0,""rectanglelabels"":[""USB""],""original_width"":800,""original_height"":800},{""x"":94.79843953185956,""y"":68.79063719115734,""width"":5.201560468140443,""height"":10.403120936280885,""rotation"":0,""rectanglelabels"":[""USB""],""original_width"":800,""original_height"":800}]",22.334,"2023-10-06T18:18:47.850931Z"
49,"1","2023-10-06T18:18:59.191744Z",49,"/data/upload/4/2957e5a8-000048.jpeg","[{""x"":38.23146944083225,""y"":46.55396618985696,""width"":12.48374512353707,""height"":9.102730819245771,""rotation"":0,""rectanglelabels"":[""USB""],""original_width"":800,""original_height"":800},{""x"":52.14564369310792,""y"":40.44213263979193,""width"":11.833550065019502,""height"":6.241872561768531,""rotation"":0,""rectanglelabels"":[""USB""],""original_width"":800,""original_height"":800},{""x"":63.84915474642393,""y"":33.42002600780234,""width"":12.87386215864759,""height"":8.322496749024708,""rotation"":0,""rectanglelabels"":[""USB""],""original_width"":800,""original_height"":800},{""x"":74.38231469440832,""y"":27.0481144343303,""width"":15.994798439531863,""height"":8.192457737321192,""rotation"":0,""rectanglelabels"":[""USB""],""original_width"":800,""original_height"":800}]",9.545,"2023-10-06T18:18:59.191744Z"
50,"1","2023-10-06T18:20:16.940093Z",50,"/data/upload/4/e9f6611b-000049.jpeg","[{""x"":39.92197659297789,""y"":51.10533159947984,""width"":15.864759427828346,""height"":6.501950585175557,""rotation"":0,""rectanglelabels"":[""DVI""],""original_width"":800,""original_height"":800},{""x"":55.2665799739922,""y"":51.88556566970091,""width"":16.775032509752926,""height"":5.201560468140443,""rotation"":0,""rectanglelabels"":[""DVI""],""original_width"":800,""original_height"":800},{""x"":62.80884265279584,""y"":44.60338101430429,""width"":7.542262678803645,""height"":4.031209362808845,""rotation"":0,""rectanglelabels"":[""DISPLAYPORT""],""original_width"":800,""original_height"":800},{""x"":55.65669700910273,""y"":44.86345903771131,""width"":7.15214564369311,""height"":3.9011703511053355,""rotation"":0,""rectanglelabels"":[""DISPLAYPORT""],""original_width"":800,""original_height"":800},{""x"":47.854356306892065,""y"":45.123537061118334,""width"":7.412223667100136,""height"":3.381014304291284,""rotation"":0,""rectanglelabels"":[""DISPLAYPORT""],""original_width"":800,""original_height"":800},{""x"":39.01170351105331,""y"":45.123537061118334,""width"":8.452535760728217,""height"":4.031209362808845,""rotation"":0,""rectanglelabels"":[""HDMI""],""original_width"":800,""original_height"":800},{""x"":34.33029908972692,""y"":31.079323797139143,""width"":4.291287386215863,""height"":4.29128738621586,""rotation"":0,""rectanglelabels"":[""AUDIO_OUTPUT""],""original_width"":800,""original_height"":800},{""x"":39.01170351105331,""y"":31.599479843953187,""width"":4.161248374512354,""height"":4.1612483745123505,""rotation"":0,""rectanglelabels"":[""AUDIO_INPUT""],""original_width"":800,""original_height"":800},{""x"":42.78283485045514,""y"":31.209362808842656,""width"":4.421326397919373,""height"":4.421326397919373,""rotation"":0,""rectanglelabels"":[""AUDIO""],""original_width"":800,""original_height"":800},{""x"":40.442132639791936,""y"":19.505851755526656,""width"":5.331599479843952,""height"":6.631989596879066,""rotation"":0,""rectanglelabels"":[""ETHERNET""],""original_width"":800,""original_height"":800},{""x"":33.28998699609883,""y"":19.505851755526656,""width"":3.381014304291284,""height"":6.241872561768535,""rotation"":0,""rectanglelabels"":[""USB""],""original_width"":800,""original_height"":800},{""x"":37.19115734720417,""y"":19.89596879063719,""width"":3.2509752925877744,""height"":5.981794538361508,""rotation"":0,""rectanglelabels"":[""USB""],""original_width"":800,""original_height"":800},{""x"":33.28998699609883,""y"":12.613784135240575,""width"":5.59167750325097,""height"":6.241872561768521,""rotation"":0,""rectanglelabels"":[""HDMI""],""original_width"":800,""original_height"":800},{""x"":37.711313394018205,""y"":5.331599479843954,""width"":2.7308192457737306,""height"":7.022106631989596,""rotation"":0,""rectanglelabels"":[""USB""],""original_width"":800,""original_height"":800},{""x"":33.159947984395316,""y"":5.981794538361508,""width"":4.551365409622889,""height"":6.241872561768532,""rotation"":0,""rectanglelabels"":[""USB""],""original_width"":800,""original_height"":800},{""x"":66.97009102730819,""y"":81.40442132639792,""width"":3.9011703511053355,""height"":4.161248374512354,""rotation"":0,""rectanglelabels"":[""AUDIO_OUTPUT""],""original_width"":800,""original_height"":800},{""x"":63.06892067620286,""y"":81.40442132639792,""width"":3.5110533159948076,""height"":4.421326397919373,""rotation"":0,""rectanglelabels"":[""AUDIO_INPUT""],""original_width"":800,""original_height"":800}]",76.613,"2023-10-06T18:20:16.940093Z"
51,"1","2023-10-06T18:21:30.285024Z",51,"/data/upload/4/bb6026ea-000050.jpeg","[{""x"":36.15084525357607,""y"":40.05201560468141,""width"":14.694408322496749,""height"":8.192457737321199,""rotation"":0,""rectanglelabels"":[""USB""],""original_width"":800,""original_height"":800},{""x"":36.02080624187256,""y"":48.2444733420026,""width"":14.30429128738622,""height"":7.5422626788036515,""rotation"":0,""rectanglelabels"":[""USB""],""original_width"":800,""original_height"":800},{""x"":34.59037711313393,""y"":58.9076723016905,""width"":16.775032509752926,""height"":8.45253576072821,""rotation"":0,""rectanglelabels"":[""HDMI""],""original_width"":800,""original_height"":800},{""x"":1.5604681404421328,""y"":39.01170351105331,""width"":27.828348504551364,""height"":14.044213263979195,""rotation"":0,""rectanglelabels"":[""VGA""],""original_width"":800,""original_height"":800},{""x"":0,""y"":55.65669700910273,""width"":32.249674902470744,""height"":13.394018205461649,""rotation"":0,""rectanglelabels"":[""DVI""],""original_width"":800,""original_height"":800},{""x"":55.78673602080624,""y"":36.15084525357607,""width"":14.304291287386214,""height"":8.452535760728217,""rotation"":0,""rectanglelabels"":[""USB""],""original_width"":800,""original_height"":800},{""x"":55.65669700910273,""y"":45.25357607282184,""width"":14.434330299089723,""height"":7.412223667100136,""rotation"":0,""rectanglelabels"":[""USB""],""original_width"":800,""original_height"":800},{""x"":56.43693107932379,""y"":52.53576072821846,""width"":14.044213263979195,""height"":7.282184655396627,""rotation"":0,""rectanglelabels"":[""USB""],""original_width"":800,""original_height"":800},{""x"":55.65669700910273,""y"":59.687906371911566,""width"":15.604681404421328,""height"":7.672301690507155,""rotation"":0,""rectanglelabels"":[""USB""],""original_width"":800,""original_height"":800},{""x"":76.332899869961,""y"":52.275682704811445,""width"":14.434330299089723,""height"":6.631989596879059,""rotation"":0,""rectanglelabels"":[""USB""],""original_width"":800,""original_height"":800},{""x"":76.4629388816645,""y"":59.427828348504555,""width"":13.133940182054616,""height"":6.762028608582568,""rotation"":0,""rectanglelabels"":[""USB""],""original_width"":800,""original_height"":800},{""x"":75.42262678803641,""y"":39.01170351105331,""width"":14.694408322496756,""height"":11.703511053316006,""rotation"":0,""rectanglelabels"":[""ETHERNET""],""original_width"":800,""original_height"":800}]",71.768,"2023-10-06T18:21:30.286020Z"
52,"1","2023-10-06T18:22:16.110847Z",52,"/data/upload/4/2b0d58a2-000051.jpeg","[{""x"":10.793237971391417,""y"":46.94408322496749,""width"":27.568270481144342,""height"":13.003901170351106,""rotation"":0,""rectanglelabels"":[""VGA""],""original_width"":800,""original_height"":800},{""x"":7.152145643693109,""y"":64.36931079323797,""width"":34.46033810143042,""height"":13.133940182054616,""rotation"":0,""rectanglelabels"":[""DVI""],""original_width"":800,""original_height"":800},{""x"":0,""y"":60.59817945383615,""width"":7.0221066319895975,""height"":6.50195058517555,""rotation"":0,""rectanglelabels"":[""USB""],""original_width"":800,""original_height"":800},{""x"":0,""y"":68.40052015604682,""width"":6.7620286085825745,""height"":5.7217165149544655,""rotation"":0,""rectanglelabels"":[""USB""],""original_width"":800,""original_height"":800},{""x"":0,""y"":50.585175552665795,""width"":7.152145643693108,""height"":9.752925877763332,""rotation"":0,""rectanglelabels"":[""PS2""],""original_width"":800,""original_height"":800},{""x"":50.97529258777633,""y"":49.67490247074122,""width"":14.694408322496749,""height"":11.183355006501948,""rotation"":0,""rectanglelabels"":[""ETHERNET""],""original_width"":800,""original_height"":800},{""x"":68.01040312093627,""y"":49.544863459037714,""width"":16.384915474642398,""height"":10.403120936280885,""rotation"":0,""rectanglelabels"":[""ETHERNET""],""original_width"":800,""original_height"":800},{""x"":52.405721716514954,""y"":61.118335500650204,""width"":13.394018205461641,""height"":6.8920676202860705,""rotation"":0,""rectanglelabels"":[""USB""],""original_width"":800,""original_height"":800},{""x"":52.53576072821846,""y"":68.53055916775033,""width"":12.613784135240579,""height"":7.802340702210671,""rotation"":0,""rectanglelabels"":[""USBC""],""original_width"":800,""original_height"":800},{""x"":70.48114434330299,""y"":61.638491547464234,""width"":13.003901170351114,""height"":5.981794538361505,""rotation"":0,""rectanglelabels"":[""USB""],""original_width"":800,""original_height"":800},{""x"":70.22106631989597,""y"":68.53055916775033,""width"":13.0039011703511,""height"":5.591677503250963,""rotation"":0,""rectanglelabels"":[""USB""],""original_width"":800,""original_height"":800},{""x"":97.00910273081924,""y"":65.66970091027308,""width"":2.9908972691807634,""height"":9.882964889466848,""rotation"":0,""rectanglelabels"":[""AUDIO_OUTPUT""],""original_width"":800,""original_height"":800},{""x"":97.00910273081924,""y"":57.21716514954487,""width"":2.9908972691807634,""height"":7.932379713914173,""rotation"":0,""rectanglelabels"":[""AUDIO_INPUT""],""original_width"":800,""original_height"":800},{""x"":96.61898569570872,""y"":48.11443433029909,""width"":3.381014304291284,""height"":8.582574772431734,""rotation"":0,""rectanglelabels"":[""AUDIO""],""original_width"":800,""original_height"":800},{""x"":42.65279583875163,""y"":60.46814044213264,""width"":8.06241872561769,""height"":15.344603381014302,""rotation"":0,""rectanglelabels"":[""HDMI""],""original_width"":800,""original_height"":800}]",44.581,"2023-10-06T18:22:16.110847Z"
53,"1","2023-10-06T18:22:37.431875Z",53,"/data/upload/4/b758678c-000052.jpeg","[{""x"":38.621586475942784,""y"":21.456436931079324,""width"":36.15084525357607,""height"":28.868660598179453,""rotation"":0,""rectanglelabels"":[""ETHERNET""],""original_width"":800,""original_height"":800},{""x"":38.36150845253576,""y"":50.32509752925878,""width"":35.11053315994798,""height"":15.864759427828353,""rotation"":0,""rectanglelabels"":[""USB""],""original_width"":800,""original_height"":800},{""x"":42.52275682704811,""y"":67.1001300390117,""width"":30.03901170351105,""height"":16.124837451235365,""rotation"":0,""rectanglelabels"":[""USB""],""original_width"":800,""original_height"":800},{""x"":0,""y"":49.4148244473342,""width"":21.456436931079324,""height"":17.945383615084523,""rotation"":0,""rectanglelabels"":[""USB""],""original_width"":800,""original_height"":800},{""x"":0,""y"":68.53055916775033,""width"":18.725617685305593,""height"":16.12483745123538,""rotation"":0,""rectanglelabels"":[""USB""],""original_width"":800,""original_height"":800},{""x"":83.35500650195058,""y"":61.118335500650204,""width"":16.644993498049416,""height"":20.546163849154738,""rotation"":0,""rectanglelabels"":[""AUDIO_OUTPUT""],""original_width"":800,""original_height"":800},{""x"":83.6150845253576,""y"":37.971391417425224,""width"":16.384915474642398,""height"":20.026007802340708,""rotation"":0,""rectanglelabels"":[""AUDIO_INPUT""],""original_width"":800,""original_height"":800},{""x"":84.00520156046815,""y"":13.784135240572171,""width"":15.994798439531849,""height"":23.016905071521464,""rotation"":0,""rectanglelabels"":[""AUDIO""],""original_width"":800,""original_height"":800}]",19.975,"2023-10-06T18:22:37.431875Z"
54,"1","2023-10-06T18:22:52.267779Z",54,"/data/upload/4/cda9f0e6-000053.jpeg","[{""x"":38.8816644993498,""y"":31.599479843953187,""width"":8.322496749024708,""height"":14.044213263979191,""rotation"":0,""rectanglelabels"":[""USB""],""original_width"":800,""original_height"":800},{""x"":39.27178153446034,""y"":47.594278283485046,""width"":8.192457737321192,""height"":12.223667100130044,""rotation"":0,""rectanglelabels"":[""USB""],""original_width"":800,""original_height"":800},{""x"":41.87256176853056,""y"":62.158647594278285,""width"":6.50195058517555,""height"":14.174252275682711,""rotation"":0,""rectanglelabels"":[""USB""],""original_width"":800,""original_height"":800},{""x"":36.41092327698309,""y"":17.035110533159948,""width"":11.313394018205464,""height"":13.133940182054616,""rotation"":0,""rectanglelabels"":[""HDMI""],""original_width"":800,""original_height"":800},{""x"":33.68010403120936,""y"":5.591677503250976,""width"":11.833550065019509,""height"":12.223667100130038,""rotation"":0,""rectanglelabels"":[""ETHERNET""],""original_width"":800,""original_height"":800}]",13.155,"2023-10-06T18:22:52.267779Z"
55,"1","2023-10-06T18:23:37.024800Z",55,"/data/upload/4/6bed3394-000054.jpeg","[{""x"":31.859557867360206,""y"":46.55396618985696,""width"":12.22366710013004,""height"":6.631989596879059,""rotation"":0,""rectanglelabels"":[""USB""],""original_width"":800,""original_height"":800},{""x"":33.02990897269181,""y"":53.966189856957094,""width"":10.66319895968791,""height"":5.331599479843952,""rotation"":0,""rectanglelabels"":[""USB""],""original_width"":800,""original_height"":800},{""x"":33.28998699609883,""y"":59.9479843953186,""width"":9.752925877763325,""height"":4.94148244473341,""rotation"":0,""rectanglelabels"":[""USB""],""original_width"":800,""original_height"":800},{""x"":33.159947984395316,""y"":65.66970091027308,""width"":10.143042912873867,""height"":5.201560468140443,""rotation"":0,""rectanglelabels"":[""USB""],""original_width"":800,""original_height"":800},{""x"":46.94408322496749,""y"":59.9479843953186,""width"":9.752925877763332,""height"":5.461638491547461,""rotation"":0,""rectanglelabels"":[""USB""],""original_width"":800,""original_height"":800},{""x"":47.074122236671,""y"":65.7997399219766,""width"":9.23276983094928,""height"":5.591677503250963,""rotation"":0,""rectanglelabels"":[""USB""],""original_width"":800,""original_height"":800},{""x"":59.297789336801046,""y"":59.81794538361509,""width"":10.793237971391406,""height"":6.241872561768524,""rotation"":0,""rectanglelabels"":[""USB""],""original_width"":800,""original_height"":800},{""x"":18.205461638491546,""y"":59.297789336801046,""width"":10.92327698309493,""height"":5.981794538361498,""rotation"":0,""rectanglelabels"":[""USB""],""original_width"":800,""original_height"":800},{""x"":18.33550065019506,""y"":66.18985695708713,""width"":10.533159947984394,""height"":4.161248374512354,""rotation"":0,""rectanglelabels"":[""USB""],""original_width"":800,""original_height"":800},{""x"":0.9102730819245773,""y"":65.92977893368011,""width"":11.313394018205463,""height"":4.421326397919373,""rotation"":0,""rectanglelabels"":[""USB""],""original_width"":800,""original_height"":800},{""x"":1.0403120936280885,""y"":59.427828348504555,""width"":11.703511053315994,""height"":5.2015604681404355,""rotation"":0,""rectanglelabels"":[""USB""],""original_width"":800,""original_height"":800},{""x"":0.7802340702210664,""y"":49.4148244473342,""width"":12.743823146944084,""height"":9.102730819245778,""rotation"":0,""rectanglelabels"":[""ETHERNET""],""original_width"":800,""original_height"":800},{""x"":17.555266579973992,""y"":49.544863459037714,""width"":11.963589076723014,""height"":8.842652795838745,""rotation"":0,""rectanglelabels"":[""ETHERNET""],""original_width"":800,""original_height"":800},{""x"":59.9479843953186,""y"":66.84005201560468,""width"":9.23276983094928,""height"":5.201560468140443,""rotation"":0,""rectanglelabels"":[""USBC""],""original_width"":800,""original_height"":800},{""x"":90.76723016905072,""y"":55.39661898569571,""width"":8.322496749024708,""height"":6.892067620286085,""rotation"":0,""rectanglelabels"":[""AUDIO_INPUT""],""original_width"":800,""original_height"":800},{""x"":90.24707412223667,""y"":63.06892067620286,""width"":8.972691807542262,""height"":7.022106631989594,""rotation"":0,""rectanglelabels"":[""AUDIO_OUTPUT""],""original_width"":800,""original_height"":800},{""x"":91.41742522756827,""y"":47.20416124837451,""width"":7.672301690507155,""height"":7.412223667100136,""rotation"":0,""rectanglelabels"":[""AUDIO""],""original_width"":800,""original_height"":800}]",34.002,"2023-10-06T18:23:37.024800Z"
